{
  "base_spec": "/pa/tools/base_missile_tactical_turret/base_missile_tactical_turret.json",
  "ammo_id": "/pa/units/sea/drone_carrier/carrier/carrier_ammo.json",
  "ammo_source": "metal",
  "ammo_capacity": 150,
  "ammo_demand": 30,
  "ammo_per_shot": 30,
  "rate_of_fire": 3,
  "max_range": 400,
  "yaw_rate": 180,
  "pitch_rate": 180,
  "yaw_range": 0,
  "pitch_range": 0,
  "firing_arc_yaw": 180,
  "firing_arc_pitch": 180,
  "spread_fire": true,
  "auto_attack": true,
  "target_layers": [
    "WL_LandHorizontal",
    "WL_WaterSurface",
    "WL_Air"
  ]
}