{
  "base_spec": "/pa/tools/base_missile_tactical_turret/base_missile_tactical_turret.json",
  "ammo_id": "/pa/units/sea/nuclear_sub/nuclear_sub_ammo_missile.json",
  "ammo_source": "infinite",
  "rate_of_fire": 5,
  "max_range": 200,
  "yaw_rate": 180,
  "pitch_rate": 180,
  "yaw_range": 0,
  "pitch_range": 0,
  "firing_arc_yaw": 180,
  "firing_arc_pitch": 180,
  "firing_standard_deviation": 30,
  "spread_fire": true,
  "auto_attack": true,
  "target_layers": [
    "WL_LandHorizontal",
    "WL_WaterSurface"
  ]
}