{
  "base_spec": "/pa/tools/base_torpedo_turret/base_torpedo_turret.json",
  "ammo_id": "/pa/units/sea/nuclear_sub/nuclear_sub_ammo.json",
  "spawn_layers": "WL_Underwater",
  "rate_of_fire": 1,
  "max_range": 200,
  "yaw_rate": 210,
  "pitch_rate": 210,
  "yaw_range": 2,
  "pitch_range": 2,
  "firing_arc_yaw": 210,
  "firing_arc_pitch": 210,
  "auto_attack": true,
  "spread_fire": true,
  "target_layers": [
    "WL_WaterSurface",
    "WL_Underwater",
    "WL_Seafloor"
  ],
  "exclude_unit_types": "Hover"
}