{
  "base_spec": "/pa/ammo/base_shell/base_shell.json",
  "damage": 220,
  "splash_damage": 220,
  "splash_radius": 5,
  "full_damage_splash_radius": 2,
  "splash_damages_allies": false,
  "initial_velocity": 170,
  "max_velocity": 170,
  "lifetime": 2,
  "fx_trail": {
    "filename": "/pa/units/sea/battleship/battleship_shell_proj_trail.pfx",
    "offset": [
      0,
      0.7,
      0
    ]
  },
  "events": {
    "died": {
      "effect_spec": "/pa/units/sea/battleship/battleship_hit.pfx"
    }
  },
  "physics": {
    "radius": 1,
    "gravity_scalar": 7,
    "add_to_spatial_db": false,
    "allow_underground": true
  }
}